symbol,name,sector
AAPL,Apple Inc.,Information Technology
MSFT,Microsoft Corp.,Information Technology
NVDA,NVIDIA Corp.,Information Technology
AVGO,Broadcom Inc.,Information Technology
ORCL,Oracle Corp.,Information Technology
CRM,Salesforce Inc.,Information Technology
ADBE,Adobe Inc.,Information Technology
AMD,Advanced Micro Devices,Information Technology
CSCO,Cisco Systems,Information Technology
ACN,Accenture,Information Technology
IBM,IBM,Information Technology
INTC,Intel Corp.,Information Technology
QCOM,Qualcomm,Information Technology
TXN,Texas Instruments,Information Technology
AMAT,Applied Materials,Information Technology
MU,Micron Technology,Information Technology
LRCX,Lam Research,Information Technology
KLAC,KLA Corp.,Information Technology
ADI,Analog Devices,Information Technology
NOW,ServiceNow,Information Technology
INTU,Intuit,Information Technology
PANW,Palo Alto Networks,Information Technology
CRWD,CrowdStrike,Information Technology
PLTR,Palantir Technologies,Information Technology
ANET,Arista Networks,Information Technology
SNPS,Synopsys,Information Technology
CDNS,Cadence Design Systems,Information Technology
GOOGL,Alphabet Inc. (Class A),Communication Services
META,Meta Platforms,Communication Services
NFLX,Netflix,Communication Services
DIS,Walt Disney,Communication Services
TMUS,T-Mobile US,Communication Services
VZ,Verizon,Communication Services
T,AT&T,Communication Services
CMCSA,Comcast,Communication Services
AMZN,Amazon.com,Consumer Discretionary
TSLA,Tesla,Consumer Discretionary
HD,Home Depot,Consumer Discretionary
MCD,McDonald's,Consumer Discretionary
NKE,Nike,Consumer Discretionary
SBUX,Starbucks,Consumer Discretionary
LOW,Lowe's,Consumer Discretionary
BKNG,Booking Holdings,Consumer Discretionary
TJX,TJX Companies,Consumer Discretionary
CMG,Chipotle Mexican Grill,Consumer Discretionary
ABNB,Airbnb,Consumer Discretionary
GM,General Motors,Consumer Discretionary
F,Ford Motor,Consumer Discretionary
WMT,Walmart,Consumer Staples
COST,Costco Wholesale,Consumer Staples
PG,Procter & Gamble,Consumer Staples
KO,Coca-Cola,Consumer Staples
PEP,PepsiCo,Consumer Staples
PM,Philip Morris International,Consumer Staples
MDLZ,Mondelez International,Consumer Staples
CL,Colgate-Palmolive,Consumer Staples
BRK-B,Berkshire Hathaway,Financials
JPM,JPMorgan Chase,Financials
V,Visa Inc.,Financials
MA,Mastercard,Financials
BAC,Bank of America,Financials
WFC,Wells Fargo,Financials
GS,Goldman Sachs,Financials
MS,Morgan Stanley,Financials
AXP,American Express,Financials
BLK,BlackRock,Financials
C,Citigroup,Financials
SCHW,Charles Schwab,Financials
PYPL,PayPal,Financials
SPGI,S&P Global,Financials
LLY,Eli Lilly,Health Care
UNH,UnitedHealth Group,Health Care
JNJ,Johnson & Johnson,Health Care
ABBV,AbbVie,Health Care
MRK,Merck & Co.,Health Care
PFE,Pfizer,Health Care
TMO,Thermo Fisher Scientific,Health Care
ABT,Abbott Laboratories,Health Care
DHR,Danaher,Health Care
ISRG,Intuitive Surgical,Health Care
AMGN,Amgen,Health Care
GILD,Gilead Sciences,Health Care
VRTX,Vertex Pharmaceuticals,Health Care
REGN,Regeneron Pharmaceuticals,Health Care
BSX,Boston Scientific,Health Care
CVS,CVS Health,Health Care
XOM,Exxon Mobil,Energy
CVX,Chevron,Energy
COP,ConocoPhillips,Energy
SLB,SLB,Energy
EOG,EOG Resources,Energy
CAT,Caterpillar,Industrials
GE,GE Aerospace,Industrials
RTX,RTX Corp.,Industrials
HON,Honeywell,Industrials
UNP,Union Pacific,Industrials
BA,Boeing,Industrials
LMT,Lockheed Martin,Industrials
DE,Deere & Co.,Industrials
UPS,United Parcel Service,Industrials
ETN,Eaton Corp.,Industrials
UBER,Uber Technologies,Industrials
LIN,Linde plc,Materials
SHW,Sherwin-Williams,Materials
FCX,Freeport-McMoRan,Materials
NEM,Newmont,Materials
NEE,NextEra Energy,Utilities
DUK,Duke Energy,Utilities
SO,Southern Company,Utilities
PLD,Prologis,Real Estate
AMT,American Tower,Real Estate
EQIX,Equinix,Real Estate
SPG,Simon Property Group,Real Estate
